r,u,phi,f_over_pi,Omega_cov,frame_stiffness_A,charge_density
0.001,1.320297034091287,0.3303479245050035,1.0,0.7669652075494997,0.7775889503047093,1.3369616764105836
0.0677762938230384,1.3199961248230936,0.33024564592681505,0.9704761362100908,0.7669754354073185,0.777625913678087,1.3363701521483224
0.1345525876460768,1.319109839933355,0.32994478732084437,0.9414510960755041,0.7670055212679157,0.7777348594618914,1.3346285477299908
0.2013288814691152,1.317633157329586,0.32944585837896306,0.9125503663556128,0.7670554141621038,0.7779166299440315,1.3317287319977975
0.2681051752921536,1.3155578799202137,0.3287496361596189,0.8838329155355015,0.7671250363840382,0.7781726138919357,1.327657574203779
0.334881469115192,1.3128722107334596,0.3278572123679372,0.8553546786411023,0.7672142787632064,0.778504810757304,1.3223961878384078
0.4016577629382304,1.3095604499729887,0.3267699995237722,0.8271677364503935,0.7673230000476228,0.7789158857712593,1.3159194832968308
0.4684340567612688,1.3056026575394069,0.32548973904236445,0.7993196794676457,0.7674510260957637,0.7794092361446117,1.3081957139356408
0.5352103505843072,1.3009743147363515,0.32401851145659116,0.7718531564656516,0.767598148854341,0.7799890653983754,1.299186093925338
0.6019866444073456,1.2956460230907294,0.32235874891441435,0.744805613587457,0.7677641251085586,0.7806604624197233,1.2888445751177489
0.668762938230384,1.2895832810934553,0.3205132500033171,0.7182092210549844,0.7679486749996683,0.781429481469599,1.2771178750959131
0.7355392320534224,1.2827463805657884,0.3184851968781937,0.6920909757089585,0.7681514803121807,0.7823032191157915,1.2639458481282082
0.8023155258764608,1.2750904649107735,0.3162781745281535,0.666472961077286,0.7683721825471846,0.7832898836896776,1.2492622878799322
0.8690918196994992,1.2665657905816226,0.3138961918659143,0.6413727420027145,0.7686103808134086,0.7843988524597629,1.2329962427642132
0.9358681135225376,1.2571182310969917,0.3113437041368487,0.6168038682909072,0.7688656295863152,0.7856407111692209,1.2150739121305254
1.002644407345576,1.2466900592870078,0.3086256359359293,0.5927764609144955,0.7691374364064071,0.7870272698996628,1.1954211725431898
1.0694207011686143,1.2352210375446893,0.30574740389623456,0.5692978545508596,0.7694252596103766,0.7885715484078102,1.1739667567009144
1.1361969949916526,1.222649836879174,0.3027149378827024,0.5463732710997504,0.7697285062117298,0.7902877231832639,1.1506460715563485
1.2029732888146911,1.2089157926724545,0.29953469930337207,0.5240064998034238,0.7700465300696628,0.792191027585889,1.1254055958500522
1.2697495826377296,1.1939609875307717,0.2962136949552517,0.5022005602493671,0.7703786305044749,0.7942975956824287,1.0982077406085642
1.336525876460768,1.1777326291883257,0.2927594846748188,0.48095832459889726,0.7707240515325182,0.7966242400105503,1.0690359909882234
1.4033021702838062,1.160185664424548,0.28918018098861664,0.460283074790776,0.7710819819011384,0.799188153706264,1.0379000784088355
1.4700784641068447,1.1412855396844104,0.28548443898327064,0.440178969425852,0.7714515561016729,0.8020065285370386,1.0048408652451783
1.5368547579298832,1.1210109879374812,0.2816814347607213,0.4206513940766621,0.7718318565239279,0.8050960827159158,0.9699345701509682
1.6036310517529215,1.0993566927872584,0.2777808311322098,0.40170716875588464,0.7722219168867791,0.8084724962519336,0.9332959319688062
1.6704073455759598,1.0763356593421616,0.2737927296422354,0.38335458838108843,0.7726207270357766,0.8121497572746358,0.8950799159230135
1.7371836393989983,1.051981111627333,0.2697276085954731,0.36560327757495054,0.7730272391404527,0.8161394303663156,0.855481616960776
1.8039599332220368,1.026347742629079,0.2655962474617247,0.3484638511269211,0.7734403752538276,0.8204498673140669,0.8147341161938347
1.8707362270450751,0.9995121682423538,0.26140963881335083,0.3319473863402524,0.7738590361186649,0.8250853913808203,0.7731041942539816
1.9375125208681134,0.9715724808448444,0.2571788897458554,0.3160647325560937,0.7742821110254146,0.8300454972933026,0.7308859877769978
2.004288814691152,0.9426468592934365,0.25291511547290685,0.3008257041282178,0.7747084884527093,0.8353241193106344,0.6883928713004627
2.0710651085141905,0.912871264021799,0.24862932839631655,0.2862382223206163,0.7751370671603683,0.8409090272485573,0.645948029841922
2.1378414023372287,0.8823963202803164,0.24433232636110164,0.27230748455986636,0.7755667673638899,0.8467814132885034,0.6038743294402474
2.204617696160267,0.8513835598625016,0.24003458396584956,0.2590352422260027,0.7759965416034151,0.8529157290404252,0.5624841707867366
2.2713939899833053,0.8200012429048311,0.2357461506863668,0.24641925865555342,0.7764253849313634,0.8592798214609177,0.5220700114665418
2.338170283806344,0.7884200098260091,0.23147655919467336,0.23445299811848924,0.7768523440805327,0.8658353976547352,0.48289616511967426
2.4049465776293824,0.7568086160834465,0.22723474665490037,0.223125568023744,0.77727652533451,0.8725388234195064,0.4451923440826927
2.4717228714524206,0.725329980163739,0.22302899101589505,0.21242190619972165,0.7776971008984105,0.8793422311292173,0.409149229034966
2.5384991652754594,0.6941377327623847,0.21886686347478101,0.2023231786308913,0.7781133136525219,0.8861948828304997,0.3749161530096388
2.6052754590984977,0.6633733996205728,0.2147551974362616,0.1928073348280058,0.7785244802563739,0.8930447084492622,0.3426008049979407
2.672051752921536,0.6331642900877288,0.2107000735105274,0.18384975990265467,0.7789299926489472,0.8998399207381741,0.3122707114724577
2.7388280467445743,0.6036221057008043,0.20670681943314234,0.17542396375769725,0.7793293180566858,0.9065306009308101,0.2839561548269513
2.8056043405676125,0.5748422337362963,0.20278002328731048,0.167502256206453,0.779721997671269,0.91307015318859,0.25765413898724987
2.8723806343906513,0.5469036533401311,0.19892355807534115,0.16005636920655616,0.7801076441924659,0.9194165410469118,0.2333330094748257
2.9391569282136896,0.5198693577194659,0.19514061551630973,0.15305800085057056,0.7804859384483691,0.9255332426323915,0.21093736803586832
3.005933222036728,0.4937871843319465,0.191433746921454,0.14647926814641482,0.7808566253078546,0.9313898897000895,0.19039297839694483
3.0727095158597666,0.4686909440775897,0.18780490908990113,0.14029306569899308,0.7812195090910099,0.9369625844208844,0.17161142785379316
3.139485809682805,0.44460174757060694,0.18425551334367596,0.1344733347170451,0.7815744486656324,0.9422339136504132,0.1544943792672153
3.206262103505843,0.42152943890616723,0.18078647605206172,0.12899525142516186,0.7819213523947939,0.9471927004638343,0.13893731240771304
3.2730383973288815,0.3994740624629876,0.177398269254224,0.1238353463859073,0.7822601730745776,0.9518335456750125,0.12483270808216418
3.3398146911519198,0.37842730419369847,0.17409097025356607,0.118971566976105,0.7825909029746434,0.9561562177713844,0.11207267118036293
3.4065909849749585,0.35837386409663813,0.17086430931111332,0.11438329484885626,0.7829135690688888,0.9601649490830477,0.10055101964175017
3.473367278797997,0.3392927302043335,0.16771771479719516,0.11005132910286965,0.7832282285202805,0.9638676905765569,0.09016488651662367
3.540143572621035,0.3211583359764804,0.16465035536429568,0.1059578444221294,0.7835349644635705,0.9672753691532392,0.0808158935754514
3.606919866444074,0.30394159229645457,0.1616611788763618,0.10208633188757477,0.7838338821123638,0.9704011813782227,0.07241095930560873
3.673696160267112,0.2876107924198665,0.1587489479710288,0.09842152865636457,0.7841251052028971,0.9732599475130672,0.06486280354481451
3.7404724540901504,0.2721323934322486,0.15591227224294407,0.09494934134385308,0.7844087727757056,0.9758675405288514,0.05809020710409542
3.8072487479131887,0.2574716813315875,0.15314963712160368,0.09165676677061373,0.7846850362878397,0.9782403970080962,0.052018078880430654
3.874025041736227,0.243593329070507,0.15045942957935984,0.08853181276168409,0.7849540570420641,0.9803951107439454,0.046577376174694
3.9408013355592657,0.23046185806936384,0.1478399608482095,0.0855634208981476,0.7852160039151791,0.9823481054087588,0.04170491694369409
4.007577629382305,0.21804201410990537,0.1452894863511553,0.08274139250225168,0.7854710513648845,0.9841153797277582,0.03734311600961351
4.074353923205343,0.2062990683632508,0.14280622306860746,0.08005631866216693,0.7857193776931393,0.9857123169084752,0.03343967111701257
4.1411302170283815,0.19519905377715918,0.14038836456531403,0.07749951474637524,0.7859611635434687,0.987153549368316,0.029947219315351343
4.207906510851419,0.18470894628746398,0.13803409390110813,0.07506295959736442,0.7861965906098892,0.9884528698065443,0.026822979502618603
4.274682804674458,0.1747967994338436,0.13574159464136212,0.07273923940938884,0.7864258405358638,0.9896231801524993,0.024028393076690555
4.341459098497497,0.165431840028219,0.13350906017208028,0.07052149616826994,0.786649093982792,0.9906764707007272,0.021528771449666483
4.408235392320535,0.1565845315988757,0.1313347015113299,0.06840338044837277,0.7868665298488671,0.9916238226715812,0.01929295661019475
4.475011686143573,0.14822661145046254,0.1292167537942178,0.06637900831166003,0.7870783246205783,0.9924754284084274,0.01729299888551306
4.541787979966611,0.14033110636099758,0.12715348159361128,0.0644429220271737,0.7872846518406389,0.9932406243692619,0.015503854474931909
4.60856427378965,0.13287233119344632,0.12514318322383683,0.06259005431955546,0.7874856816776163,0.9939279329473857,0.013903104121675761
4.675340567612689,0.12582587403571646,0.12318419416006324,0.06081569585708092,0.7876815805839937,0.9945451099389289,0.01247069339041856
4.7421168614357265,0.11916857089848296,0.12127488969224733,0.059115465699249976,0.7878725110307753,0.9950991951548509,0.011188694362752268
4.808893155258765,0.11287847249146787,0.11941368691956408,0.05748528443839446,0.7880586313080437,0.995596564251585,0.01004108810069831
4.875669449081804,0.10693480516007876,0.11759904617925056,0.05592134978696342,0.788240095382075,0.9960429803337252,0.009013566916355867
4.942445742904842,0.10131792768913357,0.11582947199280141,0.05442011438066533,0.7884170528007199,0.9964436442734285,0.00809335528880867
5.009222036727881,0.09600928536190378,0.1141035136024668,0.052978265586474664,0.7885896486397533,0.9968032430053865,0.007269048159188536
5.075998330550919,0.09099136239409275,0.11241976516198825,0.05159270712296953,0.7887580234838012,0.9971259953044193,0.006530465288781931
5.142774624373957,0.08624763363718142,0.11077686563741866,0.050260542318121486,0.7889223134362582,0.9974156947456091,0.005868520365530574
5.209550918196996,0.08176251625787076,0.10917349846665375,0.04897905884625096,0.7890826501533347,0.9976757496941023,0.005275103577431126
5.276327212020034,0.07752132194473416,0.1076083910198837,0.04774571480125466,0.7892391608980117,0.9979092202818329,0.004742976426586254
5.3431035058430725,0.07351021006487712,0.10608031389749198,0.04655812597735145,0.7893919686102508,0.9981188524088226,0.0042656776269675385
5.409879799666111,0.06971614208817592,0.10458808009691588,0.04541405424149252,0.7895411919903085,0.998307108863617,0.0038374390063140103
5.476656093489149,0.06612683751086369,0.10313054407557241,0.044311396893276914,0.7896869455924428,0.9984761976959735,0.0034531104135934725
5.543432387312188,0.06273073144070143,0.10170660073308599,0.043248176918777206,0.7898293399266915,0.9986280979993617,0.0031080927149201073
5.610208681135226,0.05951693395000286,0.10031518433266828,0.04222253405418824,0.7899684815667332,0.9987645832745711,0.0027982780405226442
5.676984974958264,0.05647519125807473,0.09895526737854746,0.04123271658374827,0.7901044732621453,0.9988872425514865,0.0025199965217888465
5.743761268781303,0.05359584876924471,0.09762585946376967,0.040277073804036466,0.790237414053623,0.9989974994460306,0.002269968829615143
5.810537562604341,0.05086981596492704,0.09632600610045958,0.03935404909360054,0.790367399389954,0.9990966293250759,0.0020452638927087167
5.87731385642738,0.048288533126750334,0.0950547875426872,0.038462173532997954,0.7904945212457313,0.9991857747451081,0.001843261236864095
5.944090150250418,0.04584393985148515,0.09381131761040953,0.037600060025814064,0.7906188682389591,0.9992659593215519,0.0016616174435186621
6.010866444073456,0.04352844530640082,0.09259474252150506,0.03676639787611943,0.7907405257478496,0.9993381001757318,0.0014982362781814091
6.077642737896495,0.04133490016495536,0.09140423973767023,0.03595994778220877,0.790859576026233,0.9994030190959579,0.0013512420868260666
6.144419031719534,0.03925657015671639,0.09023901682887175,0.03517953721038116,0.7909760983171129,0.9994614525386423,0.001218956101306292
6.211195325542572,0.03728711116157692,0.089098310360127,0.03442405611602542,0.7910901689639873,0.9995140605849236,0.001099875333586417
6.27797161936561,0.03542054577622401,0.08798138480359509,0.03369245298241192,0.7912018615196406,0.9995614349582276,0.0009926537734038928
6.344747913188648,0.03365124128006477,0.08688753147828905,0.032983731150402276,0.7913112468521711,0.9996041061986405,0.0008960856352093387
6.411524207011687,0.03197388892811626,0.08581606751914449,0.032296945414807245,0.7914183932480856,0.9996425500810074,0.0008090904281820648
6.478300500834726,0.030383484499476664,0.08476633487669637,0.03163119886538366,0.7915233665123305,0.9996771933553175,0.0007306996480952487
6.5450767946577635,0.02887531003171166,0.08373769934820334,0.03098563995249037,0.7916262300651797,0.9997084188802355,0.0006600449120911062
6.611853088480802,0.027444916673656516,0.08272954964071413,0.03035945975924734,0.7917270450359286,0.9997365702135645,0.0005963473772893014
6.67862938230384,0.02608810859161583,0.08174129646628228,0.02975188946368317,0.7918258703533718,0.9997619557169574,0.0005389083018378056
6.745405676126879,0.02480092786663714,0.08077237166929295,0.02916219797583368,0.7919227628330707,0.9997848522263223,0.000487100622750704
6.8121819699499175,0.023579640323360962,0.07982222738566934,0.028589689736086474,0.7920177772614331,0.9998055083340343,0.00044036143886838565
6.878958263772955,0.022420722233838848,0.07889033523356076,0.02803370266226815,0.7921109664766439,0.9998241473242475,0.0003981852997090428
6.945734557595994,0.021320847842616095,0.07797618553498403,0.027493606234056087,0.7922023814465017,0.9998409697982642,0.0003601182120256158
7.012510851419033,0.020276877662254878,0.07707928656778344,0.02696879970427866,0.7922920713432217,0.9998561560229999,0.0003257522856912691
7.079287145242071,0.019285847491297217,0.07619916384719089,0.026458710427555297,0.792380083615281,0.9998698680320832,0.00029472094924570824
7.146063439065109,0.01834495810941468,0.07533535943620412,0.025962792297532688,0.7924664640563797,0.9998822515059698,0.00026669467316644727
7.212839732888148,0.01745156560714502,0.07448743128395265,0.025480524284703217,0.7925512568716048,0.9998934374546351,0.00024137714579266692
7.279616026711186,0.016603172310164633,0.07365495259118726,0.025011409067453545,0.7926345047408814,0.9999035437238849,0.00021850185292199043
7.346392320534225,0.015797418260483396,0.07283751120200564,0.024554971749593216,0.7927162488797995,0.9999126763440601,0.0001978290175091674
7.413168614357263,0.01503207321926943,0.07203470902091473,0.024110758658160366,0.7927965290979085,0.9999209307379011,0.00017914286069741037
7.479944908180301,0.014305029158215028,0.07124616145432484,0.02367833621579963,0.7928753838545676,0.9999283928025311,0.00016224914967662342
7.54672120200334,0.013614293208441193,0.07047149687557358,0.023257289882461087,0.7929528503124427,0.9999351398789094,0.00014697300164889297
7.613497495826378,0.01295798103790853,0.06971035611258418,0.022847223161583243,0.7930289643887416,0.9999412416206741,0.00013315691654443036
7.680273789649417,0.01233431063015943,0.06896239195727588,0.022447756666300347,0.7931037608042725,0.999946760773009,0.00012065901411861495
7.7470500834724545,0.011741596438964223,0.06822726869585943,0.02205852724156007,0.7931772731304141,0.9999517538710293,0.00010935145371538524
7.813826377295493,0.01117824389508572,0.06750466165916967,0.021679187138352384,0.793249533834083,0.9999562718661652,9.91190173416218e-05
7.880602671118532,0.010642744242917869,0.06679425679220811,0.021309403236539987,0.7933205743207792,0.9999603606881087,8.985783879476337e-05
7.94737896494157,0.010133669686198533,0.06609575024209159,0.020948856313044405,0.7933904249757909,0.9999640617490861,8.147426345123091e-05
8.014155258764609,0.009649668823349514,0.0654088479636267,0.020597240352384943,0.7934591152036373,0.9999674123964907,7.388382498252673e-05
8.080931552587646,0.00918946235426324,0.06473326534175525,0.02025426189678961,0.7935266734658245,0.9999704463192705,6.701032674231373e-05
8.147707846410684,0.008751839041539622,0.06406872683014145,0.019919639433301446,0.793593127316986,0.9999731939128906,6.078501688191439e-05
8.214484140233722,0.00833565191028401,0.06341496560519712,0.019593102815491384,0.7936585034394803,0.9999756826071784,5.514584742172562e-05
8.281260434056762,0.007939814671611221,0.06277172323486786,0.0192743927175611,0.7937228276765133,0.999977937160899,5.0036808548128814e-05
8.3480367278798,0.007563298355967211,0.062138749361528654,0.018963260118778132,0.7937861250638472,0.9999799799265104,4.540733033390776e-05
8.414813021702837,0.007205128143281796,0.061515801398362824,0.018659465816331558,0.7938484198601637,0.9999818310881722,4.121174490761176e-05
8.481589315525877,0.006864380377808529,0.060902644238624196,0.018362779964831353,0.7939097355761376,0.9999835088757671,3.740880283497152e-05
8.548365609348915,0.006540179756293738,0.06029904997720659,0.01807298164079867,0.7939700950022794,0.9999850297574008,3.3961238133325256e-05
8.615141903171953,0.006231696678850509,0.05970479764396857,0.017789858430608735,0.7940295202356031,0.9999864086125845,3.0835376926887447e-05
8.681918196994992,0.005938144752598445,0.05911967294828643,0.017513206040454105,0.7940880327051714,0.9999876588880809,2.8000785274421592e-05
8.74869449081803,0.005658778438768793,0.05854346803432938,0.01724282792699366,0.7941456531965672,0.9999887927381798,2.542995216840345e-05
8.815470784641068,0.005392890834570929,0.057975981246574444,0.016978534947442923,0.7942024018753426,0.9999898211509904,2.3098004122261256e-05
8.882247078464108,0.005139811581672933,0.057417016905099684,0.01672014502794538,0.7942582983094901,0.9999907540621727,2.0982448135226925e-05
8.949023372287146,0.0048989048936682,0.05686638509021462,0.016467482849141433,0.7943133614909785,0.9999916004573779,1.906294015758725e-05
9.015799666110183,0.004669567695384879,0.0563239014360071,0.016220379547923488,0.7943676098563993,0.999992368464543,1.7321076477013333e-05
9.082575959933221,0.0044512278673476575,0.05578938693240501,0.015978672434432274,0.7944210613067595,0.999993065437063,1.5740205713007635e-05
9.14935225375626,0.004243342589123715,0.05526266773536931,0.015742204723410994,0.7944737332264631,0.999993698028758,1.430525934475203e-05
9.216128547579299,0.004045396775679386,0.05474357498485281,0.015510825279091067,0.7945256425015148,0.9999942722614603,1.3002598910807153e-05
9.282904841402337,0.0038569016012422667,0.05423194463017594,0.015284388372836443,0.7945768055369824,0.9999947935859624,1.181987820989846e-05
9.349681135225376,0.003677393105507949,0.05372761726248697,0.015062753452822828,0.7946272382737514,0.9999952669369879,1.0745919002836544e-05
9.416457429048414,0.0035064308773517716,0.053230437953989636,0.014845784925073855,0.7946769562046011,0.9999956967827841,9.770598868589814e-06
9.483233722871452,0.0033435968115065086,0.052740256103635814,0.014633351945219055,0.7947259743896364,0.9999960871698708,8.884750004568186e-06
9.550010016694491,0.0031884939339477197,0.0522569252889955,0.014425328220378102,0.7947743074711004,0.9999964417634264,8.08006788397988e-06
9.61678631051753,0.003040745291990846,0.0517803031240291,0.014221591820612759,0.7948219696875971,0.9999967638837458,7.349028793201622e-06
9.683562604340567,0.0028999929053495086,0.051310251122500754,0.01402202499942235,0.79486897488775,0.9999970565391565,6.684815370804119e-06
9.750338898163607,0.0027658967746340773,0.05084663456678308,0.013826514022790734,0.7949153365433217,0.9999973224557449,6.081249358401684e-06
9.817115191986645,0.0026381339439841144,0.0503893223818159,0.01363494900632262,0.7949610677618184,0.999997564104206,5.532730852916751e-06
9.883891485809682,0.0025163976147291617,0.049938187013992295,0.013447223760034856,0.7950061812986008,0.9999977837240996,5.034183421125677e-06
9.950667779632722,0.0024003963071604012,0.04949310431475638,0.01326323564039465,0.7950506895685244,0.9999979833457687,4.581004501334416e-06
10.01744407345576,0.002289853067671559,0.04905395342870709,0.013082885409220719,0.7950946046571293,0.9999981648101477,4.169020574482539e-06
10.084220367278798,0.0021845047186921807,0.04862061668601181,0.012906077099086144,0.7951379383313989,0.9999983297866673,3.794446638573969e-06
10.150996661101837,0.002084101148990773,0.04819297949894337,0.012732717884883142,0.7951807020501057,0.9999984797894432,3.453849566690373e-06
10.217772954924875,0.001988404642069754,0.047770930262362093,0.012562717961229548,0.7952229069737639,0.999998616191914,3.1441149705014477e-06
10.284549248747913,0.0018971892405095666,0.04735436025797325,0.012395990425415504,0.7952645639742028,0.9999987402400793,2.8624172286320464e-06
10.351325542570951,0.0018102401442463309,0.04694316356219822,0.01223245116560628,0.7953056836437802,0.9999988530644756,2.6061923729141624e-06
10.41810183639399,0.0017273531408862788,0.04653723695750501,0.012072018754033421,0.7953462763042496,0.9999989556910103,2.373113555829771e-06
10.484878130217028,0.0016483340662718552,0.046136479847051125,0.011914614344921482,0.795386352015295,0.9999990490507659,2.161068849687967e-06
10.551654424040066,0.0015729982936189546,0.04574079417249854,0.011760161576912218,0.7954259205827502,0.9999991339888716,1.968141152587012e-06
10.618430717863106,0.0015011702496429897,0.04535008433486692,0.011608586479761188,0.7954649915665134,0.999999211272536,1.7925899982685888e-06
10.685207011686144,0.0014326829561835538,0.04496425711829787,0.011459817385094577,0.7955035742881703,0.9999992815983161,1.632835086826884e-06
10.751983305509182,0.0013673775959238922,0.04458322161660795,0.011313784841025538,0.7955416778383393,0.9999993455987021,1.4874413711134196e-06
10.818759599332221,0.0013051031008826164,0.04420688916251495,0.011170421530440715,0.7955793110837486,0.9999994038480791,1.3551055497803618e-06
10.885535893155259,0.0012457157624312673,0.0438351732594263,0.011029662192777798,0.7956164826740574,0.9999994568681265,1.2346438324099046e-06
10.952312186978297,0.0011890788616629147,0.04346798951568387,0.01089144354912479,0.7956532010484316,0.999999505132711,1.1249808552468175e-06
11.019088480801337,0.0011350623190042963,0.04310525558116457,0.010755704230480875,0.7956894744418835,0.9999995490723171,1.0251396378300936e-06
11.085864774624374,0.0010835423620271325,0.04274689108614008,0.010622384709027417,0.795725310891386,0.9999995890780649,9.34232481437206e-07
11.152641068447412,0.001034401210473681,0.04239281758230388,0.010491427232265566,0.7957607182417696,0.9999996255053483,8.51452719827741e-07
11.21941736227045,0.000987526777567456,0.042042958485877815,0.01036277575988486,0.7957957041514122,0.9999996586771351,7.76067241406486e-07
11.28619365609349,0.0009428123867325231,0.041697239022714196,0.010236375903234144,0.7958302760977286,0.9999996888869578,7.07409709713243e-07
11.352969949916528,0.0009001565028941875,0.04135558617531349,0.010112174867273099,0.7958644413824687,0.9999997164016244,6.448744161722546e-07
11.419746243739565,0.0008594624775803356,0.0410179286316808,0.009990121394888777,0.795898207136832,0.9999997414636783,5.879107053737662e-07
11.486522537562605,0.0008206383070864465,0.04068419673594816,0.009870165713467945,0.7959315803264052,0.9999997642936279,5.36017918882204e-07
11.553298831385643,0.0007835964030084028,0.04035432244069285,0.00975225948362125,0.7959645677559307,0.999999785091969,4.88740808730697e-07
11.62007512520868,0.000748253374485968,0.04002823926088448,0.009636355749960912,0.7959971760739116,0.9999998040410204,4.456653764254644e-07
11.68685141903172,0.000714529821536293,0.03970588222939754,0.00952240889383849,0.7960294117770603,0.9999998213065882,4.0641509749535896e-07
11.753627712854758,0.0006823501388911327,0.0393871878540278,0.00941037458795409,0.7960612812145973,0.9999998370394767,3.7064749542605214e-07
11.820404006677796,0.000651642329783805,0.039072094075954404,0.009300209752752807,0.7960927905924046,0.999999851376859,3.380510322551376e-07
11.887180300500836,0.0006223378291624293,0.03876054022959171,0.009191872514528536,0.7961239459770408,0.9999998644435217,3.0834228620985644e-07
11.953956594323873,0.000594371335834676,0.03845246700377749,0.009085322165159154,0.7961547532996223,0.999999876352994,2.8126338957558417e-07
12.020732888146911,0.0005676806530763285,0.03814781640424604,0.008980519123400942,0.7961852183595755,0.999999887208573,2.5657970251998793e-07
12.087509181969951,0.0005422065372614996,0.037846531717337505,0.008877424897673628,0.7962153468282663,0.9999998971042551,2.340777008911576e-07
12.154285475792989,0.0005178925540963844,0.037548557474896514,0.008776002050270895,0.7962451442525104,0.999999906125581,2.1356305808169134e-07
12.221061769616027,0.0004946849420611142,0.037253839420314974,0.008676214162934232,0.7962746160579686,0.9999999143504038,1.9485890292609138e-07
12.287838063439066,0.00047253248268570776,0.036962324475676336,0.008578025803731196,0.7963037675524324,0.999999921849586,1.7780423729516145e-07
12.354614357262104,0.0004513863773062733,0.03667396070996003,0.008481402495181933,0.7963326039290041,0.999999928687633,1.6225249858566163e-07
12.421390651085142,0.00043120012996667893,0.03638869730826651,0.00838631068358043,0.7963611302691734,0.9999999349232689,1.4807025369200373e-07
12.48816694490818,0.00041192943614889365,0.03610648454202535,0.008292717709459704,0.7963893515457975,0.999999940609959,1.3513601230332604e-07
12.55494323873122,0.0003935320770321563,0.035827273740149955,0.008200591779152416,0.796417272625985,0.999999945796385,1.233391485065724e-07
12.621719532554257,0.0003759678189971632,0.03555101726110434,0.008109901937400741,0.7964448982738896,0.9999999505268766,1.1257892070574218e-07
12.688495826377295,0.0003591983181065782,0.035277668465848414,0.008020618040971504,0.7964722331534152,0.9999999548418047,1.0276358079958386e-07
12.755272120200335,0.00034318702930747215,0.03500718169163025,0.00793271073323467,0.7964992818308371,0.9999999587779369,9.38095644040615e-08
12.822048414023373,0.00032789912011477824,0.034739512226594375,0.007846151419665211,0.7965260487773406,0.9999999623687625,8.564075467032567e-08
12.88882470784641,0.00031330138854759665,0.034474616285176826,0.007760912244230204,0.7965525383714823,0.9999999656447873,7.818781294131342e-08
12.95560100166945,0.0002993621851022393,0.03421245098425893,0.0076769660666248405,0.7965787549015741,0.9999999686338016,7.138757011735785e-08
13.022377295492488,0.00028605133855727396,0.03395297432005252,0.007594286440322657,0.7966047025679948,0.9999999713611234,6.518247316949724e-08
13.089153589315526,0.00027334008541658603,0.03369614514569091,0.007512847591406852,0.796630385485431,0.9999999738498212,5.952008175416901e-08
13.155929883138565,0.0002612010028066554,0.033441923149500424,0.007432624398151135,0.79665580768505,0.9999999761209143,5.435261034971716e-08
13.222706176961603,0.00024960794465384955,0.03319026883392891,0.007353592371319918,0.7966809731166071,0.9999999781935572,4.963651175820118e-08
13.289482470784641,0.0002385359809766262,0.03294114349510784,0.007275727635159058,0.7967058856504893,0.9999999800852062,4.533209819952265e-08
13.356258764607679,0.00022796134013614548,0.03269450920302642,0.00719900690904961,0.7967305490796974,0.9999999818117705,4.140319657262297e-08
13.423035058430719,0.0002178613538969126,0.03245032878229609,0.007123407489798342,0.7967549671217704,0.9999999833877514,3.781683477382028e-08
13.489811352253756,0.00020821440515677388,0.032208565793485286,0.007048907234539839,0.7967791434206515,0.9999999848263672,3.454295624832492e-08
13.556587646076794,0.00019899987821286026,0.031969184515004884,0.006975484544226225,0.7968030815484995,0.9999999861396676,3.155416021034739e-08
13.623363939899834,0.00019019811143697007,0.03173214992552539,0.006903118347681531,0.7968267850074475,0.9999999873386379,2.8825465202508976e-08
13.690140233722872,0.00018179035224039227,0.031497427686907935,0.006831788086198727,0.7968502572313092,0.9999999884332941,2.6334093878731917e-08
13.75691652754591,0.00017375871421434434,0.031264984127631616,0.00676147369865847,0.7968735015872369,0.9999999894327686,2.405927708848166e-08
13.82369282136895,0.0001660861363380447,0.031034786226700445,0.006692155607149437,0.79689652137733,0.9999999903453887,2.198207551600899e-08
13.890469115191987,0.00015875634415196384,0.030806801598013883,0.006623814703071032,0.7969193198401987,0.9999999911787484,2.0085217287767463e-08
13.957245409015025,0.00015175381279903592,0.03058099847518543,0.0065564323337000754,0.7969419001524815,0.9999999919397733,1.835295010598575e-08
14.024021702838064,0.00014506373184157661,0.030357345696794456,0.006489990289203845,0.7969642654303206,0.9999999926347799,1.677090659782913e-08
14.090797996661102,0.0001386719717663452,0.030135812692056868,0.006424470790082624,0.7969864187307943,0.9999999932695296,1.532598168892948e-08
14.15757429048414,0.0001325650520946389,0.029916369466900815,0.006359856475025578,0.7970083630533099,0.9999999938492775,1.4006220918432005e-08
14.22435058430718,0.0001267301110185276,0.029698986590434278,0.00629613038916452,0.7970301013409566,0.9999999943788177,1.2800718711118088e-08
14.291126878130218,0.00012115487648832631,0.029483635181791666,0.006233275972710715,0.7970516364818209,0.9999999948625237,1.1699525711540534e-08
14.357903171953255,0.00011582763868018868,0.029270286897347036,0.006171277049960512,0.7970729713102653,0.9999999953043854,1.0693564366290709e-08
14.424679465776295,0.0001107372237762963,0.02905891391828229,0.00611011781865623,0.7970941086081719,0.9999999957080435,9.774552014265748e-09
14.491455759599333,0.00010587296899351339,0.028849488938498744,0.006049782839689194,0.7971150511061502,0.9999999960768201,8.934930811803667e-09
14.55823205342237,0.00010122469879960171,0.02864198515286113,0.005990257027132436,0.797135801484714,0.9999999964137462,8.167803880431965e-09
14.625008347245409,9.678270225914898e-05,0.028436376245763423,0.0059315256385910455,0.7971563623754238,0.999999996721588,7.466877120295204e-09
14.691784641068448,9.253771145425705e-05,0.02823263638000632,0.005873574265858657,0.7971767363619994,0.9999999970028702,6.8264061826004666e-09
14.758560934891486,8.848088092778824e-05,0.028030740185976434,0.005816388825869041,0.7971969259814023,0.9999999972598969,6.241148140114059e-09
14.825337228714524,8.46037680995691e-05,0.02783066275111772,0.005759955551932157,0.7972169337248882,0.9999999974947709,5.7063174362768935e-09
14.892113522537564,8.089831460842855e-05,0.02763237960968608,0.005704260985244554,0.7972367620390315,0.999999997709412,5.217545731265176e-09
14.958889816360601,7.735682853528699e-05,0.027435866732778168,0.005649291966664302,0.7972564133267223,0.9999999979055724,4.770845297650631e-09
15.02566611018364,7.397196746473825e-05,0.027241100518625955,0.005595035628741101,0.7972758899481375,0.9999999980848518,4.362575649528008e-09
15.092442404006679,7.07367223446793e-05,0.02704805778314884,0.005541479387992538,0.7972951942216852,0.9999999982487107,3.989413117361294e-09
15.159218697829717,6.764440210554212e-05,0.02685671575075534,0.005488610937417901,0.7973143284249246,0.9999999983984822,3.6483231066124593e-09
15.225994991652755,6.46886190025828e-05,0.026667052045386712,0.005436418239241151,0.7973332947954613,0.9999999985353839,3.336534801693572e-09
15.292771285475794,6.1863274646489e-05,0.026479044681795152,0.005384889517875155,0.7973520955318205,0.9999999986605274,3.05151809813804e-09
15.359547579298832,5.91625466892759e-05,0.026292672057049438,0.005334013253099458,0.7973707327942952,0.9999999987749276,2.7909625653123705e-09
15.42632387312187,5.6580876134067026e-05,0.02610791294226105,0.005283778173444217,0.7973892087057739,0.9999999988795115,2.5527582596630015e-09
15.493100166944908,5.411295523889978e-05,0.025924746474524224,0.005234173249773251,0.7974075253525477,0.9999999989751258,2.3349782245726177e-09
15.559876460767947,5.175371598615903e-05,0.025743152149063503,0.005185187689059336,0.7974256847850937,0.9999999990625436,2.135862527531653e-09
15.626652754590985,4.949831909063403e-05,0.025563109811582524,0.005136810928345246,0.7974436890188418,0.9999999991424707,1.9538036986455546e-09
15.693429048414023,4.734214352051348e-05,0.025384599650808082,0.00508903262888417,0.7974615400349192,0.9999999992155525,1.787333446615836e-09
15.760205342237063,4.528077650688971e-05,0.025207602191223727,0.005041842670453508,0.7974792397808776,0.9999999992823779,1.6351105393621224e-09
15.8269816360601,4.3310004018532865e-05,0.025032098285987233,0.004995231145836173,0.7974967901714013,0.9999999993434853,1.4959097464913616e-09
15.893757929883138,4.142580167982774e-05,0.024858069110026595,0.00494918835546377,0.7975141930889974,0.999999999399366,1.368611749959179e-09
15.960534223706178,3.9624326110842397e-05,0.02468549615330924,0.004903704802216294,0.7975314503846691,0.9999999994504695,1.252193937588388e-09
16.02731051752922,3.7901906669517535e-05,0.024514361214279547,0.004858771186373107,0.7975485638785721,0.9999999994972059,1.1457220016846098e-09
16.094086811352255,3.625503757693656e-05,0.024344646393459658,0.004814378400710199,0.7975655353606541,0.9999999995399503,1.0483422718864337e-09
16.160863105175295,3.468037040755804e-05,0.024176334087208852,0.0047705175257389005,0.7975823665912791,0.9999999995790452,9.592747176684695e-10
16.22763939899833,3.3174706927170805e-05,0.02400940698163713,0.004727179825081426,0.7975990593018363,0.9999999996148036,8.7780656163577e-10
16.29441569282137,3.1734992262159894e-05,0.023843848046668236,0.004684356740978737,0.7976156151953332,0.9999999996475116,8.032864499573848e-10
16.36119198664441,3.035830838446916e-05,0.023679640530248236,0.004642039889926461,0.7976320359469752,0.9999999996774306,7.351191310322186e-10
16.427968280467447,2.9041867897393268e-05,0.023516767952695174,0.004600221058434666,0.7976483232047306,0.9999999997047995,6.72760597802348e-10
16.494744574290486,2.778300810805031e-05,0.023355214101185986,0.004558892198907514,0.7976644785898814,0.9999999997298366,6.157136530666394e-10
16.561520868113526,2.6579185373065897e-05,0.023194963024376864,0.004518045425638955,0.7976805036975624,0.9999999997527415,5.635238607347198e-10
16.628297161936562,2.5427969704643988e-05,0.02303599902715312,0.004477673010920691,0.7976964000972847,0.9999999997736965,5.157758492296299e-10
16.6950734557596,2.4327039624816533e-05,0.022878306665505055,0.004437767381258874,0.7977121693334496,0.9999999997928684,4.720899362256688e-10
16.76184974958264,2.327417725624816e-05,0.022721870741526328,0.004398321113696071,0.7977278129258474,0.9999999998104094,4.321190466216673e-10
16.828626043405677,2.226726363852629e-05,0.022566676298531405,0.004359326932235133,0.7977433323701469,0.9999999998264592,3.955458981229485e-10
16.895402337228717,2.1304274259397542e-05,0.022412708616288673,0.0043207777043617925,0.7977587291383712,0.9999999998411447,3.620804310592125e-10
16.962178631051756,2.038327479091368e-05,0.022259953206366326,0.004282666437662873,0.7977740046793634,0.9999999998545828,3.314574611198744e-10
17.028954924874792,1.9502417020927255e-05,0.022108395807587552,0.004244986276537108,0.7977891604192413,0.9999999998668795,3.0343453556084747e-10
17.095731218697832,1.8659934970833382e-05,0.021958022381592335,0.0042077304989956875,0.7978041977618409,0.9999999998781324,2.7778997514374525e-10
17.16250751252087,1.7854141190886828e-05,0.021808819108502873,0.0041708925135497685,0.7978191180891497,0.9999999998884304,2.543210856245524e-10
17.229283806343908,1.7083423224833867e-05,0.021660772382689708,0.004134465856182221,0.797833922761731,0.9999999998978548,2.328425240274548e-10
17.296060100166947,1.6346240235991516e-05,0.021513868808635966,0.0040984441874010345,0.7978486131191365,0.9999999999064801,2.131848062330448e-10
17.362836393989987,1.5641119787279208e-05,0.021368095196897065,0.004062821289371895,0.7978631904803103,0.9999999999143744,1.95192943589535e-10
17.429612687813023,1.4966654768061705e-05,0.021223438560153237,0.004027591063127471,0.7978776561439848,0.9999999999215997,1.787251973310722e-10
17.496388981636063,1.432150046100051e-05,0.021079886109352425,0.0039927475258511,0.7978920113890648,0.9999999999282131,1.6365194056805073e-10
17.563165275459102,1.3704371742432265e-05,0.02093742524994126,0.003958284808232633,0.7979062574750059,0.9999999999342666,1.4985461850878548e-10
17.62994156928214,1.3114040410097328e-05,0.0207960435781816,0.003924197151894201,0.7979203956421819,0.9999999999398077,1.3722479838768028e-10
17.696717863105178,1.2549332632333691e-05,0.020655728877550454,0.003890478906883845,0.797934427112245,0.99999999994488,1.256633013191542e-10
17.763494156928218,1.2009126513128302e-05,0.020516469115221207,0.0038571245292349757,0.7979483530884779,0.9999999999495233,1.1507940897533006e-10
17.830270450751254,1.1492349767680638e-05,0.0203782524386238,0.003824128578589655,0.7979621747561376,0.9999999999537741,1.0539013860464116e-10
17.897046744574293,1.0997977503385378e-05,0.020241067172081923,0.003791485715883821,0.7979758932827918,0.9999999999576655,9.651958047339254e-11
17.963823038397333,1.0525030101379687e-05,0.020104901813525304,0.003759190701092644,0.7979895098186475,0.9999999999612283,8.839829232764626e-11
18.03059933222037,1.0072571194027724e-05,0.019969745031274962,0.0037272383910341884,0.7980030254968725,0.9999999999644902,8.096274594298785e-11
18.09737562604341,9.639705733932113e-06,0.019835585660899626,0.0036956237372296878,0.79801644143391,0.9999999999674766,7.415482125876778e-11
18.164151919866445,9.225578150268539e-06,0.019702412702141566,0.0036643417838187822,0.7980297587297859,0.999999999970211,6.79213439849029e-11
18.230928213689484,8.82937058843524e-06,0.019570215315909897,0.0036333876655280863,0.7980429784684091,0.9999999999727148,6.22136629265637e-11
18.297704507512524,8.450301229197468e-06,0.019438982821339795,0.003602756605691553,0.7980561017178661,0.9999999999750073,5.6987263598128807e-11
18.36448080133556,8.087622683683992e-06,0.019308704692915808,0.0035724439143211212,0.7980691295307084,0.9999999999771066,5.220141499532818e-11
18.4312570951586,7.74062046076321e-06,0.019179370557657716,0.003542444986226186,0.7980820629442342,0.999999999979029,4.781884666609591e-11
18.49803338898164,7.408611503487981e-06,0.01905097019236739,0.003512755299180514,0.7980949029807634,0.9999999999807894,4.3805453468545524e-11
18.564809682804675,7.090942791451755e-06,0.018923493520934993,0.0034833704121351996,0.7981076506479066,0.9999999999824015,4.013002563075785e-11
18.631585976627715,6.78699000604586e-06,0.01879693061170314,0.00345428596347637,0.7981203069388297,0.9999999999838779,3.676400193364477e-11
18.698362270450755,6.496156255747414e-06,0.018671271674887566,0.003425497669326372,0.7981328728325113,0.99999999998523,3.368124402672813e-11
18.76513856427379,6.2178708587000416e-06,0.018546507060052835,0.0033970013218871786,0.7981453492939947,0.9999999999864684,3.085783005883404e-11
18.83191485809683,5.951588179976933e-06,0.018422627253641723,0.0033687927878248308,0.7981577372746359,0.9999999999876025,2.8271865962898653e-11
18.89869115191987,5.696786521036494e-06,0.018299622876557037,0.003340868006693778,0.7981700377123443,0.9999999999886413,2.590331287760412e-11
18.965467445742906,5.452967058995702e-06,0.01817748468179452,0.0033132229893999623,0.7981822515318205,0.9999999999895928,2.373382931961556e-11
19.032243739565946,5.219652833456376e-06,0.018056203552125484,0.0032858538167015723,0.7981943796447875,0.9999999999904643,2.1746626839866952e-11
19.099020033388985,4.996387778724098e-06,0.017935770497828213,0.00325875663774644,0.7982064229502173,0.9999999999912627,1.9926338006631195e-11
19.16579632721202,4.78273579935888e-06,0.017816176654466668,0.0032319276686450216,0.7982183823345533,0.9999999999919938,1.8258895657913993e-11
19.23257262103506,4.578279887091966e-06,0.01769741328071549,0.0032053631910779947,0.7982302586719285,0.9999999999926638,1.6731422456869117e-11
19.2993489148581,4.382621277233683e-06,0.017579471756230244,0.003179059550937534,0.798242052824377,0.9999999999932774,1.533212986718795e-11
19.366125208681137,4.195378642783203e-06,0.017462343579561557,0.003153013157001302,0.7982537656420439,0.9999999999938396,1.4050225741459692e-11
19.432901502504176,4.0161873245337e-06,0.017346020366112425,0.003127220479638271,0.7982653979633888,0.9999999999943546,1.287582978496466e-11
19.499677796327216,3.844698595544665e-06,0.01723049384613741,0.003101678049545539,0.7982769506153863,0.9999999999948264,1.1799896220815915e-11
19.566454090150252,3.680578958427719e-06,0.017115755862782807,0.003076382456515234,0.7982884244137217,0.9999999999952587,1.0814143040330404e-11
19.63323038397329,3.5235094739636946e-06,0.017001798370166816,0.0030513303482307312,0.7982998201629834,0.9999999999956547,9.910987275469275e-12
19.70000667779633,3.3731851196367164e-06,0.016888613431498774,0.003026518429091398,0.7983111386568502,0.9999999999960175,9.083485778569977e-12
19.766782971619367,3.2293141767355358e-06,0.016776193217236498,0.0030019434590650503,0.7983223806782764,0.99999999999635,8.325281038796729e-12
19.833559265442407,3.0916176447343266e-06,0.016664530003280813,0.0029776022525674277,0.798333546999672,0.9999999999966547,7.630551605128204e-12
19.900335559265447,2.959828681724058e-06,0.016553616169206524,0.002953491677367925,0.7983446383830793,0.9999999999969338,6.993966722608397e-12
19.967111853088483,2.833692069721453e-06,0.016443444196528777,0.0029296086535209125,0.7983556555803472,0.9999999999971896,6.4106448223107456e-12
20.033888146911522,2.7129637037363218e-06,0.016334006667004144,0.0029059501523219147,0.7983665993332997,0.999999999997424,5.876115536286336e-12
20.100664440734562,2.5974101035290634e-06,0.01622529626096561,0.0028825131952880567,0.7983774703739035,0.9999999999976387,5.386284936931768e-12
20.167440734557598,2.486807947038679e-06,0.016117305755690557,0.0028592948531620693,0.798388269424431,0.9999999999978355,4.9374037259521455e-12
20.234217028380638,2.380943624508209e-06,0.01601002802380109,0.0028362922449392766,0.79839899719762,0.9999999999980159,4.526038121621158e-12
20.300993322203677,2.2796128123788296e-06,0.015903456031695993,0.0028135025369169404,0.7984096543968304,0.9999999999981812,4.1490432145427586e-12
20.367769616026713,2.1826200660658803e-06,0.01579758283801345,0.002790922941765391,0.7984202417161987,0.9999999999983327,3.803538581772293e-12
20.434545909849753,2.0897784307705863e-06,0.01569240159212394,0.0027685507176203553,0.7984307598407876,0.9999999999984714,3.486885967121176e-12
20.50132220367279,2.0009090695196305e-06,0.015587905532652602,0.0027463831671959626,0.7984412094467348,0.9999999999985987,3.1966688518915566e-12
20.56809849749583,1.915840907661238e-06,0.01548408798603035,0.0027244176369178473,0.798451591201397,0.9999999999987154,2.9306737552996264e-12
20.634874791318868,1.8344102930816636e-06,0.015380942365073152,0.0027026515160758838,0.7984619057634927,0.9999999999988223,2.6868731175718232e-12
20.701651085141904,1.7564606714390756e-06,0.01527846216758879,0.0026810822359959944,0.7984721537832412,0.9999999999989202,2.4634096312447654e-12
20.768427378964944,1.681842275743833e-06,0.015176640975010472,0.0026597072692305774,0.798482335902499,0.99999999999901,2.2585818976723143e-12
20.835203672787983,1.610411829644483e-06,0.015075472451056783,0.002638524128767067,0.7984924527548943,0.9999999999990923,2.0708312962318687e-12
20.90197996661102,1.542032263807689e-06,0.014974950340417277,0.002617530367254158,0.7985025049659583,0.9999999999991678,1.898729963312285e-12
20.96875626043406,1.4765724448080512e-06,0.01487506846746316,0.0025967235762452447,0.7985124931532537,0.9999999999992369,1.7409697869355707e-12
21.0355325542571,1.413906915970134e-06,0.0147758207349826,0.002576101385458658,0.7985224179265018,0.9999999999993003,1.596352330883437e-12
21.102308848080135,1.3539156496301105e-06,0.014677201122940015,0.002555661462054248,0.798532279887706,0.9999999999993584,1.4637796095326307e-12
21.169085141903174,1.2964838103085304e-06,0.01457920368725879,0.002535401509925913,0.7985420796312742,0.9999999999994117,1.34224564130931e-12
21.235861435726214,1.241501528308637e-06,0.01448182255862707,0.0025153192690096898,0.7985518177441373,0.9999999999994605,1.2308287148055771e-12
21.30263772954925,1.1888636832764464e-06,0.014385051941325926,0.002495412514606977,0.7985614948058675,0.9999999999995053,1.1286843072101508e-12
21.36941402337229,1.1384696972797594e-06,0.014288886112079506,0.002475679056722561,0.7985711113887921,0.9999999999995464,1.035038599835332e-12
21.43619031719533,1.0902233369831856e-06,0.014193319418926719,0.0024561167394170345,0.7985806680581073,0.999999999999584,9.491825402145392e-13
21.502966611018365,1.044032524515213e-06,0.014098346280113905,0.002436723440173284,0.7985901653719887,0.9999999999996185,8.704664045363354e-13
21.569742904841405,9.998091566415552e-07,0.014003961183008071,0.0024174970692766684,0.7985996038816993,0.9999999999996502,7.982948181067301e-13
21.636519198664445,9.57468931876348e-07,0.013910158683030275,0.002398435569208579,0.798608984131697,0.9999999999996791,7.321221951226202e-13
21.70329549248748,9.169311851792142e-07,0.013816933402608702,0.002379536914053032,0.7986183066597392,0.9999999999997057,6.714485623241017e-13
21.77007178631052,8.78118729902074e-07,0.013724280030150951,0.0023607991089159806,0.798627571996985,0.9999999999997301,6.158157340987285e-13
21.83684808013356,8.409577066646369e-07,0.013632193319035278,0.002342220189357046,0.7986367806680965,0.9999999999997525,5.648038093600553e-13
21.903624373956596,8.053774388518254e-07,0.013540668086620203,0.0023237982208333435,0.798645933191338,0.999999999999773,5.180279630379883e-13
21.970400667779636,7.713102944401833e-07,0.0134496992132722,0.0023055312981551295,0.7986550300786728,0.9999999999997918,4.751355073198468e-13
22.037176961602675,7.386915538734038e-07,0.013359281641411102,0.0022874175449529776,0.798664071835859,0.999999999999809,4.358031998865357e-13
22.10395325542571,7.074592837195919e-07,0.013269410374572773,0.0022694551131562015,0.7986730589625428,0.9999999999998248,3.9973477831471616e-13
22.17072954924875,6.775542158548594e-07,0.013180080476488708,0.0022516421824822514,0.7986819919523511,0.9999999999998394,3.666587015787153e-13
22.23750584307179,6.48919631929263e-07,0.013091287070182261,0.0022339769599368413,0.7986908712929818,0.9999999999998526,3.363260811989565e-13
22.304282136894827,6.215012528819318e-07,0.013003025337081081,0.0022164576793245187,0.798699697466292,0.9999999999998648,3.085087860596929e-13
22.371058430717866,5.952471332826818e-07,0.012915290516145414,0.002199082600769456,0.7987084709483855,0.999999999999876,2.829977062696439e-13
22.437834724540902,5.701075602873389e-07,0.012828077903012046,0.002181850010246205,0.7987171922096988,0.9999999999998862,2.5960116267525656e-13
22.504611018363942,5.460349570034193e-07,0.0127413828491534,0.0021647582191201796,0.7987258617150848,0.9999999999998956,2.381434497675364e-13
22.57138731218698,5.229837900719496e-07,0.012655200761051635,0.002147805563697648,0.7987344799238949,0.9999999999999043,2.1846350075882026e-13
22.638163606010018,5.009104812797824e-07,0.012569527099387322,0.002130990404784995,0.7987430472900613,0.9999999999999122,2.0041366455337413e-13
22.704939899833057,4.797733230250569e-07,0.012484357378242413,0.0021143111272570454,0.7987515642621758,0.9999999999999194,1.8385858520303306e-13
22.771716193656097,4.59532397466344e-07,0.01239968716431731,0.002097766139634237,0.7987600312835683,0.9999999999999261,1.6867417523292638e-13
22.838492487479133,4.4014949919350845e-07,0.012315512076161595,0.0020813538736684325,0.7987684487923838,0.9999999999999322,1.5474667494891455e-13
22.905268781302173,4.215880612655458e-07,0.012231827783418246,0.0020650727839371667,0.7987768172216583,0.9999999999999378,1.4197179050350154e-13
22.972045075125212,4.038130844675177e-07,0.01214863000608104,0.0020489213474461504,0.7987851369993919,0.9999999999999429,1.3025390410581086e-13
23.03882136894825,3.867910696452429e-07,0.012065914513764868,0.00203289806323981,0.7987934085486236,0.9999999999999476,1.1950535031852863e-13
23.105597662771288,3.704899529826929e-07,0.011983677124988672,0.0020170014520197034,0.7988016322875012,0.9999999999999519,1.0964575289494246e-13
23.172373956594328,3.548790440930263e-07,0.01190191370647084,0.002001230055770624,0.7988098086293529,0.9999999999999559,1.0060141707628584e-13
23.239150250417364,3.3992896679988705e-07,0.011820620172436704,0.001985582437394205,0.7988179379827564,0.9999999999999596,9.230477269719376e-14
23.305926544240403,3.2561160249107953e-07,0.011739792483937923,0.0019700571803498695,0.7988260207516062,0.9999999999999629,8.469386383858826e-14
23.372702838063443,3.1190003593194345e-07,0.01165942664818362,0.0019546528883029454,0.7988340573351816,0.9999999999999659,7.771188112574303e-14
23.43947913188648,2.98768503430719e-07,0.011579518717882854,0.001939368184779791,0.7988420481282118,0.9999999999999688,7.130673309744775e-14
23.50625542570952,2.861923432529708e-07,0.011500064790598345,0.0019242017128297615,0.7988499935209402,0.9999999999999714,6.543065337268966e-14
23.57303171953256,2.74147948186687e-07,0.011421061008111204,0.0019091521346938796,0.7988578938991889,0.9999999999999737,6.003984061640807e-14
23.639808013355594,2.62612720163994e-07,0.011342503555796394,0.0018942181314800391,0.7988657496444204,0.9999999999999759,5.5094128557804824e-14
23.706584307178634,2.5156502684960086e-07,0.011264388662008736,0.0018793984028446003,0.7988735611337991,0.9999999999999778,5.0556683545402853e-14
23.773360601001674,2.40984160110047e-07,0.011186712597479317,0.0018646916666802502,0.7988813287402521,0.9999999999999797,4.6393727334299205e-14
23.84013689482471,2.3085029628160197e-07,0.011109471674722007,0.0018500966588099617,0.7988890528325279,0.9999999999999813,4.2574282994511517e-14
23.90691318864775,2.211444581583044e-07,0.011032662247449887,0.0018356121326869293,0.798896733775255,0.9999999999999829,3.906994200649146e-14
23.97368948247079,2.1184847862507923e-07,0.01095628071000152,0.0018212368591003533,0.7989043719289999,0.9999999999999843,3.585465077212568e-14
24.040465776293825,2.029449658641703e-07,0.010880323496776704,0.0018069696258869318,0.7989119676503224,0.9999999999999856,3.290451491813572e-14
24.107242070116865,1.9441727006629154e-07,0.010804787081681618,0.0017928092376479343,0.7989195212918319,0.9999999999999868,3.0197619904884244e-14
24.174018363939904,1.8624945158092115e-07,0.010729667977583207,0.0017787545154717504,0.7989270332022417,0.9999999999999879,2.7713866578239134e-14
24.24079465776294,1.784262504430309e-07,0.010654962735772537,0.0017648042966617685,0.7989345037264228,0.9999999999999889,2.543482041630582e-14
24.30757095158598,1.7093305721631285e-07,0.010580667945437008,0.0017509574344694836,0.7989419332054564,0.9999999999999898,2.3343573327409725e-14
24.37434724540902,1.6375588509559792e-07,0.010506780233141262,0.0017372127978327232,0.7989493219766859,0.9999999999999906,2.1424616951489173e-14
24.441123539232056,1.5688134321366434e-07,0.010433296262316576,0.0017235692711188614,0.7989566703737684,0.9999999999999913,1.9663726504788493e-14
24.507899833055095,1.5029661110005304e-07,0.010360212732758615,0.0017100257538729287,0.7989639787267242,0.9999999999999921,1.8047854288109674e-14
24.574676126878135,1.439894142418014e-07,0.010287526380133366,0.0016965811605705095,0.7989712473619867,0.9999999999999928,1.6565032052497025e-14
24.64145242070117,1.3794800069819572e-07,0.010215233975491128,0.001683234420375316,0.7989784766024509,0.9999999999999933,1.5204281483665426e-14
24.70822871452421,1.321611187237506e-07,0.010143332324788328,0.0016699844769013394,0.7989856667675213,0.9999999999999939,1.3955532128264578e-14
24.775005008347247,1.2661799535563058e-07,0.01007181826841716,0.0016568302879794927,0.7989928181731584,0.9999999999999943,1.2809546141668522e-14
24.841781302170286,1.213083159236345e-07,0.010000688680742699,0.0016437708254286247,0.7989999311319258,0.9999999999999949,1.1757849288827987e-14
24.908557595993326,1.1622220444271399e-07,0.009929940469647564,0.0016308050748308372,0.7990070059530353,0.9999999999999952,1.0792667677230544e-14
24.975333889816362,1.1135020484973277e-07,0.00985957057608383,0.0016179320353109932,0.7990140429423916,0.9999999999999957,9.906869744532616e-15
25.0421101836394,1.0668326304785746e-07,0.00978957597363209,0.001605150719320338,0.7990210424026368,0.999999999999996,9.093913063304966e-15
25.10888647746244,1.0221270972357127e-07,0.00971995366806763,0.0015924601524241455,0.7990280046331932,0.9999999999999963,8.34779556186881e-15
25.175662771285477,9.793024390282466e-08,0.009650700696933426,0.0015798593730932987,0.7990349299303067,0.9999999999999967,7.663010793674326e-15
25.242439065108517,9.38279172143064e-08,0.009581814129119959,0.0015673474324997213,0.799041818587088,0.9999999999999969,7.034506918348192e-15
25.309215358931556,8.98981188292165e-08,0.009513291064451689,0.0015549233943155905,0.7990486708935549,0.9999999999999972,6.457649085642929e-15
25.375991652754593,8.613356104825237e-08,0.009445128633280035,0.001542586334516239,0.7990554871366721,0.9999999999999974,5.9281849392744625e-15
25.442767946577632,8.252726550780397e-08,0.009377323996082772,0.0015303353411866664,0.7990622676003918,0.9999999999999977,5.442212981235747e-15
25.509544240400672,7.907254997857387e-08,0.009309874343069725,0.0015181695143316062,0.7990690125656931,0.9999999999999978,4.996153558800779e-15
25.576320534223708,7.576301573100139e-08,0.009242776893794654,0.0015060879656890462,0.7990757223106206,0.999999999999998,4.5867222562514845e-15
25.643096828046748,7.259253544299074e-08,0.009176028896773146,0.001494089818547148,0.7990823971103227,0.9999999999999981,4.2109054915228365e-15
25.709873121869787,6.955524162651114e-08,0.00910962762910655,0.001482174207564492,0.7990890372370894,0.9999999999999983,3.865938134606406e-15
25.776649415692823,6.66455155506511e-08,0.009043570396111675,0.0014703402785935789,0.7990956429603889,0.9999999999999984,3.5492829798060087e-15
25.843425709515863,6.38579766396908e-08,0.008977854530956278,0.0014585871885075099,0.7991022145469044,0.9999999999999986,3.2586119179203366e-15
25.910202003338902,6.118747232568803e-08,0.008912477394300162,0.0014469141050298055,0.79910875226057,0.9999999999999987,2.991788667240422e-15
25.97697829716194,5.862906833596095e-08,0.008847436373941853,0.0014353202065672678,0.7991152563626058,0.9999999999999988,2.746852933993013e-15
26.043754590984978,5.617803939670833e-08,0.00878272888447063,0.001423804682045843,0.7991217271115529,0.9999999999999989,2.52200588362518e-15
26.110530884808018,5.382986033482207e-08,0.008718352366923997,0.0014123667307494258,0.7991281647633076,0.999999999999999,2.3155968141910778e-15
26.177307178631054,5.158019756072374e-08,0.008654304288450309,0.001401005562161528,0.799134569571155,0.9999999999999991,2.126110932144419e-15
26.244083472454093,4.9424900915805334e-08,0.008590582141976602,0.0013897203958097664,0.7991409417858024,0.9999999999999991,1.9521581391294542e-15
26.310859766277133,4.735999586876727e-08,0.008527183445881461,0.0013785104611131161,0.7991472816554119,0.9999999999999992,1.7924627459611263e-15
26.37763606010017,4.5381676045825037e-08,0.008464105743672873,0.0013673749972318596,0.7991535894256327,0.9999999999999993,1.645854036949551e-15
26.44441235392321,4.348629608041093e-08,0.008401346603670916,0.001356313252920184,0.7991598653396329,0.9999999999999993,1.5112576141086665e-15
26.51118864774625,4.167036476862049e-08,0.008338903618695315,0.0013453244863813848,0.7991661096381305,0.9999999999999994,1.3876874566415181e-15
26.577964941569284,3.993053851724642e-08,0.008276774405757652,0.0013344079651255974,0.7991723225594243,0.9999999999999994,1.274238636459641e-15
26.644741235392324,3.826361507181557e-08,0.008214956605758203,0.001323562965830034,0.7991785043394243,0.9999999999999994,1.1700806354128107e-15
26.71151752921536,3.666652751258982e-08,0.008153447883187377,0.0013127887742016568,0.7991846552116814,0.9999999999999996,1.0744512144145214e-15
26.7782938230384,3.513633850700967e-08,0.008092245925831555,0.001302084684842245,0.7991907754074169,0.9999999999999996,9.866507887823076e-16
26.84507011686144,3.367023480756277e-08,0.008031348444483364,0.0012914500011158131,0.7991968651555517,0.9999999999999996,9.060372679023066e-16
26.911846410684475,3.226552198453206e-08,0.00797075317265626,0.001280884035018324,0.7992029246827345,0.9999999999999997,8.320213208019498e-16
26.978622704507515,3.091961938353663e-08,0.007910457866303304,0.0012703861070496574,0.7992089542133697,0.9999999999999997,7.64062032400661e-16
27.045398998330555,2.963005529821488e-08,0.007850460303540188,0.0012599555460877916,0.799214953969646,0.9999999999999997,7.016629181293946e-16
27.11217529215359,2.8394462348814452e-08,0.007790758284372269,0.001249591689265148,0.7992209241715628,0.9999999999999997,6.443682672879286e-16
27.17895158597663,2.721057305785452e-08,0.007731349630425677,0.0012392938818470607,0.7992268650369575,0.9999999999999998,5.917597879645872e-16
27.24572787979967,2.607621561440746e-08,0.007672232184682372,0.0012290614771123297,0.7992327767815318,0.9999999999999998,5.434535285946807e-16
27.312504173622706,2.4989309818910215e-08,0.0076134038112190714,0.0012188938362358152,0.7992386596188782,0.9999999999999998,4.990970532985061e-16
27.379280467445746,2.394786320076673e-08,0.007554862394949999,0.0012087903281730304,0.7992445137605051,0.9999999999999998,4.583668500330143e-16
27.446056761268785,2.2949967301336385e-08,0.0074966058413734145,0.0011987503295467043,0.7992503394158627,0.9999999999999998,4.209659523272521e-16
27.51283305509182,2.199379411522155e-08,0.0074386320763218045,0.0011887732245352643,0.7992561367923678,0.9999999999999998,3.8662175696355263e-16
27.57960934891486,2.1077592683074326e-08,0.007380939045715711,0.0011788584047632044,0.7992619060954285,0.9999999999999999,3.550840214263389e-16
27.6463856427379,2.0199685829434893e-08,0.007323524715321144,0.0011690052691933125,0.7992676475284679,0.9999999999999999,3.26123026279119e-16
27.713161936560937,1.9358467039391886e-08,0.007266387070510481,0.001159213224020707,0.799273361292949,0.9999999999999999,2.9952788885787347e-16
27.779938230383976,1.8552397468124366e-08,0.00720952411602681,0.0011494816825686528,0.7992790475883974,0.9999999999999999,2.751050157949747e-16
27.846714524207016,1.7780003077640508e-08,0.0071529338757517005,0.0011398100651861319,0.7992847066124249,0.9999999999999999,2.526766829202977e-16
27.913490818030052,1.7039871895271756e-08,0.007096614392476264,0.0011301977991471201,0.7992903385607524,0.9999999999999999,2.3207973203309435e-16
27.98026711185309,1.6330651388716625e-08,0.007040563727675511,0.001120644318551544,0.7992959436272324,0.9999999999999999,2.1316437490672558e-16
28.04704340567613,1.5651045952652176e-08,0.006984779961285942,0.001111149064227893,0.7993015220038715,0.9999999999999999,1.9579309568485833e-16
28.113819699499167,1.499981450214446e-08,0.006929261191486295,0.0011017114836374441,0.7993070738808514,0.9999999999999999,1.798396435582516e-16
28.180595993322207,1.4375768168295414e-08,0.006874005534481398,0.0010923310307800697,0.7993125994465519,0.9999999999999999,1.6518810828133485e-16
28.247372287145247,1.377776809175954e-08,0.006819011124289129,0.0010830071661016118,0.7993180988875711,0.9999999999999999,1.517320717023377e-16
28.314148580968283,1.3204723309950714e-08,0.0067642761125303414,0.0010737393564027762,0.799323572388747,0.9999999999999999,1.3937382904440914e-16
28.380924874791322,1.2655588733939701e-08,0.006709798668221784,0.0010645270747495243,0.7993290201331779,0.9999999999999999,1.2802367419222405e-16
28.447701168614362,1.2129363211214843e-08,0.006655576977571932,0.0010553698003849434,0.7993344423022428,1.0,1.1759924371283402e-16
28.514477462437398,1.1625087670641765e-08,0.006601609243779698,0.001046267018642553,0.7993398390756221,1.0,1.0802491477452565e-16
28.581253756260438,1.1141843346116166e-08,0.006547893686835922,0.001037218220861027,0.7993452106313165,1.0,9.923125252651502e-17
28.648030050083477,1.0678750075554036e-08,0.0064944285433277,0.001028222904300312,0.7993505571456673,1.0,9.11545028683497e-17
28.714806343906513,1.0234964672006938e-08,0.0064412120662453946,0.001019280572059103,0.7993558787933756,1.0,8.373612687366133e-17
28.781582637729553,9.80967936382843e-09,0.006388242524792346,0.00101039073299366,0.7993611757475209,1.0,7.692237344095518e-17
28.848358931552593,9.402120300949485e-09,0.006335518204197241,0.0010015529016379398,0.7993664481795804,1.0,7.066388702669474e-17
28.91513522537563,9.011546124446167e-09,0.006283037405529063,0.0009927665981250171,0.7993716962594472,1.0,6.491534757515355e-17
28.98191151919867,8.637246596704224e-09,0.006230798445514595,0.000984031348109767,0.7993769201554486,1.0,5.96351399973323e-17
29.048687813021704,8.278541289600608e-09,0.006178799656358477,0.0009753466826927976,0.7993821200343642,1.0,5.4785050769406224e-17
29.115464106844744,7.934778328231772e-09,0.006127039385565681,0.0009667121383455965,0.7993872960614434,1.0,5.032998942131566e-17
29.182240400667784,7.605333187825387e-09,0.006075515995766486,0.000958127256836878,0.7993924484004234,1.0,4.623773286975927e-17
29.24901669449082,7.289607541572204e-09,0.006024227864543807,0.0009495915851601042,0.7993975772135457,1.0,4.247869071830831e-17
29.31579298831386,6.987028157212338e-09,0.005973173384262891,0.0009411046754621609,0.7994026826615738,1.0,3.9025689801942254e-17
29.3825692821369,6.697045840302746e-09,0.005922350961903355,0.0009326660849731685,0.7994077649038097,1.0,3.58537763951211e-17
29.449345575959935,6.419134422180967e-09,0.0058717590188934925,0.0009242753759374037,0.7994128240981107,1.0,3.2940034632624554e-17
29.516121869782975,6.152789790725446e-09,0.005821395990946818,0.0009159321155453126,0.7994178604009053,1.0,3.0263419811780566e-17
29.582898163606014,5.89752896209394e-09,0.005771260327900863,0.0009076358758666016,0.79942287396721,1.0,2.780460535424768e-17
29.64967445742905,5.6528891916988146e-09,0.005721350493558114,0.000899386233784378,0.7994278649506442,1.0,2.5545842306022767e-17
29.71645075125209,5.418427122752792e-09,0.005671664965529103,0.0008911827709303243,0.7994328335034472,1.0,2.347083034657674e-17
29.78322704507513,5.193717970789902e-09,0.0056222022350776255,0.0008830250736208942,0.7994377797764923,1.0,2.156459936264595e-17
29.850003338898166,4.978354742634035e-09,0.005572960806968025,0.0008749127327945014,0.7994427039193033,1.0,1.9813400719856188e-17
29.916779632721205,4.771947488353206e-09,0.005523939199314504,0.0008668453439496898,0.7994476060800686,1.0,1.820460743661638e-17
29.983555926544245,4.57412258479983e-09,0.005475135943432493,0.0008588225070842691,0.7994524864056568,1.0,1.672662253010386e-17
30.05033222036728,4.384522049396836e-09,0.005426549583691956,0.0008508438266353927,0.7994573450416308,1.0,1.5368794864163836e-17
30.11710851419032,4.202802882886843e-09,0.005378178677372673,0.0008429089114205657,0.7994621821322627,1.0,1.4121341884009322e-17
30.18388480801336,4.0286364398163205e-09,0.005330021794521434,0.0008350173745795681,0.7994669978205479,1.0,1.2975278673136692e-17
30.250661101836396,3.861707825578712e-09,0.0052820775178111365,0.0008271688335172695,0.799471792248219,1.0,1.1922352814240252e-17
30.317437395659436,3.7017153188909474e-09,0.005234344442401724,0.0008193629098473277,0.7994765655557599,1.0,1.0954984578466039e-17
30.384213689482475,3.5483698186255884e-09,0.005186821175802975,0.0008115992293367529,0.7994813178824197,1.0,1.0066212006397278e-17
30.45098998330551,3.4013943139666672e-09,0.0051395063377391035,0.0008038774218513205,0.7994860493662261,1.0,9.249640480004099e-18
30.51776627712855,3.2605233769013355e-09,0.0050923985600151,0.0007961971213018177,0.7994907601439986,1.0,8.499396417683994e-18
30.58454257095159,3.1255026761015416e-09,0.005045496486384878,0.0007885579655911144,0.7994954503513616,1.0,7.810084754707778e-18
30.651318864774627,2.9960885112899922e-09,0.004998798772421104,0.0007809595965620383,0.799500120122758,1.0,7.17674989909087e-18
30.718095158597666,2.8720473672233932e-09,0.004952304085386724,0.0007734016599460406,0.7995047695914613,1.0,6.594839878339677e-18
30.784871452420706,2.7531554864628396e-09,0.004906011104108201,0.0007658838053126441,0.7995093988895893,1.0,6.060173415861511e-18
30.851647746243742,2.6391984601363354e-09,0.004859918518850353,0.0007584056860196537,0.799514008148115,1.0,5.568909697246602e-18
30.918424040066782,2.5299708359324383e-09,0.004814025031192837,0.0007509669591641182,0.7995185974968808,1.0,5.117520606292974e-18
30.985200333889818,2.425275742596331e-09,0.004768329353908234,0.000743567285534035,0.7995231670646092,1.0,4.702765228690725e-18
31.051976627712857,2.324924530230411e-09,0.004722830210841683,0.0007362063295607749,0.7995277169789159,1.0,4.321666437845513e-18
31.118752921535897,2.2287364257314506e-09,0.004677526336792099,0.0007288837592722273,0.7995322473663208,1.0,3.971489392526171e-18
31.185529215358933,2.13653820272444e-09,0.004632416477394888,0.0007215992462466428,0.7995367583522606,1.0,3.6497217899756154e-18
31.252305509181973,2.048163865380595e-09,0.00458749938900617,0.0007143524655671646,0.7995412500610994,1.0,3.354055730935012e-18
31.319081803005012,1.9634543455330047e-09,0.004542773838588507,0.0007071430957770419,0.7995457226161412,1.0,3.082371064789731e-18
31.38585809682805,1.8822572125281574e-09,0.0044982386035980594,0.0006999708188355075,0.7995501761396402,1.0,2.832720093838824e-18
31.452634390651088,1.8044263952755627e-09,0.00445389247187319,0.0006928353200743073,0.7995546107528128,1.0,2.6033135255984476e-18
31.519410684474128,1.729821915980475e-09,0.004409734241524499,0.0006857362881548796,0.7995590265758475,1.0,2.392507571144865e-18
31.586186978297164,1.6583096350664823e-09,0.004365762720826234,0.0006786734150261639,0.7995634237279174,1.0,2.1987920958517633e-18
31.652963272120203,1.5897610068157342e-09,0.004321976728109075,0.0006716463958830308,0.7995678023271892,1.0,2.02077973654161e-18
31.719739565943243,1.5240528452746094e-09,0.004278375091654296,0.000664654929125328,0.7995721624908346,1.0,1.8571959061070106e-18
31.78651585976628,1.4610670999916793e-09,0.004234956649589235,0.0006576987163175254,0.7995765043350411,1.0,1.7068696131171308e-18
31.85329215358932,1.4006906411733007e-09,0.004191720249784085,0.0006507774621489497,0.7995808279750216,1.0,1.5687250298545957e-18
31.92006844741236,1.3428150538597072e-09,0.00414866474975,0.0006438908743946054,0.799585133525025,1.0,1.4417737476721685e-18
31.986844741235394,1.2873364407412271e-09,0.004105789016538448,0.0006370386638765651,0.7995894210983462,1.0,1.3251076635563052e-18
32.053621035058434,1.234155233250437e-09,0.004063091926641835,0.00063022054442592,0.7995936908073359,1.0,1.2178924463733619e-18
32.12039732888147,1.183176010581487e-09,0.004020572365895388,0.00062343623284529,0.7995979427634105,1.0,1.1193615354868532e-18
32.187173622704506,1.1343073263024804e-09,0.003978229229380212,0.0006166854488718693,0.799602177077062,1.0,1.0288106283015576e-18
32.253949916527546,1.0874615422411327e-09,0.003936061421327604,0.0006099679151410144,0.7996063938578672,1.0,9.455926168415883e-19
32.320726210350585,1.0425546693372255e-09,0.0038940678550245206,0.000603283357150354,0.7996105932144976,1.0,8.691129367292871e-19
32.387502504173625,9.995062151685418e-10,0.003852247452720221,0.0005966315032244179,0.799614775254728,1.0,7.988252949255076e-19
32.45427879799666,9.582390378692564e-10,0.0038105991455340735,0.0005900120844797743,0.7996189400854467,1.0,7.342277453399559e-19
32.5210550918197,9.186792061716553e-10,0.0037691218733644687,0.000583424834790665,0.7996230878126636,1.0,6.748590839437178e-19
32.58783138564274,8.807558653135067e-10,0.003727814584798903,0.0005768694907551407,0.7996272185415202,1.0,6.20295537333156e-19
32.65460767946578,8.444011085641618e-10,0.0036866762370251155,0.0005703457916616715,0.7996313323762976,1.0,5.701477208215452e-19
32.721383973288816,8.095498541330337e-10,0.003645705795743338,0.0005638534794562403,0.7996354294204258,1.0,5.2405784408842305e-19
32.788160267111856,7.761397272340063e-10,0.003604902235079613,0.0005573922987099011,0.7996395097764921,1.0,4.816971442101245e-19
32.85493656093489,7.441109470889168e-10,0.0035642645375001717,0.0005509619965868005,0.79964357354625,1.0,4.427635275419792e-19
32.92171285475793,7.134062186623909e-10,0.0035237916937268334,0.0005445623228126506,0.7996476208306273,1.0,4.0697940343492407e-19
32.98848914858097,6.83970628929145e-10,0.003483482702653478,0.0005381930296436521,0.7996516517297347,1.0,3.7408969415805323e-19
33.05526544240401,6.55751547483147e-10,0.003443336571263479,0.0005318538718358521,0.7996556663428737,1.0,3.438600066736448e-19
33.12204173622705,6.286985313061949e-10,0.0034033523145481706,0.0005255446066149364,0.7996596647685452,1.0,3.1607495308233985e-19
33.188818030050086,6.027632335210864e-10,0.00336352895542628,0.0005192649936464458,0.7996636471044574,1.0,2.9053660763131727e-19
33.25559432387312,5.778993159619709e-10,0.0033238655246643468,0.0005130147950064115,0.7996676134475336,1.0,2.670630891658069e-19
33.32237061769616,5.540623654014941e-10,0.00328436106079807,0.0005067937751523993,0.7996715638939202,1.0,2.45487258811009e-19
33.3891469115192,5.312098132811796e-10,0.0032450146100546475,0.0005006017008949642,0.7996754985389946,1.0,2.256555235042802e-19
33.45592320534224,5.093008587978623e-10,0.003205825226275995,0.0004944383413694981,0.7996794174773725,1.0,2.074267367620557e-19
33.52269949916528,4.882963952052889e-10,0.0031667919708429147,0.000488303468008472,0.7996833208029157,1.0,1.9067118876835004e-19
33.58947579298832,4.68158939195878e-10,0.0031279139126001517,0.00048219685451406335,0.79968720860874,1.0,1.7526967851656264e-19
33.65625208681135,4.4885256323334436e-10,0.0030891901277823593,0.00047611827683116523,0.7996910809872219,1.0,1.6111266132863081e-19
33.72302838063439,4.3034283071231586e-10,0.0030506196999409148,0.000470067513120764,0.7996949380300059,1.0,1.480994656195177e-19
33.78980467445743,4.1259673382633347e-10,0.0030122017198716444,0.0004640443437336929,0.7996987798280129,1.0,1.3613757327461996e-19
33.85658096828047,3.9558263403054633e-10,0.0029739352855433685,0.00045804855118474066,0.7997026064714458,1.0,1.2514195846643325e-19
33.92335726210351,3.792702049902673e-10,0.0029358195020273052,0.00045207992012711955,0.7997064180497974,1.0,1.1503448015824435e-19
33.99013355592655,3.6363037791109464e-10,0.0028978534814273057,0.0004461382373272841,0.7997102146518573,1.0,1.0574332392959011e-19
34.05690984974958,3.4863528915070725e-10,0.0028600363428109114,0.00044022329164009456,0.7997139963657189,1.0,9.720248911367883e-20
34.12368614357262,3.3425823001662883e-10,0.002822367212141202,0.00043433487398431903,0.799717763278786,1.0,8.93513175634161e-20
34.19046243739566,3.20473598658314e-10,0.0027848452222094845,0.0004284727773184745,0.7997215154777791,1.0,8.213406066253632e-20
34.2572387312187,3.0725685396570777e-10,0.0027474695125687242,0.0004226367966169919,0.7997252530487432,1.0,7.549948147370406e-20
34.32401502504174,2.9458447139017523e-10,0.0027102392294677787,0.00041682672884670854,0.7997289760770533,1.0,6.940048916842708e-20
34.39079131886477,2.8243390060720297e-10,0.002673153525786391,0.00041104237294368,0.7997326846474214,1.0,6.379380311593597e-20
34.45756761268781,2.707835249436583e-10,0.00263621156097093,0.0004052835297903017,0.7997363788439029,1.0,5.863964422158496e-20
34.52434390651085,2.596126224956632e-10,0.002599412500970899,0.0003995500021927484,0.799740058749903,1.0,5.390145130135112e-20
34.59112020033389,2.489013288661981e-10,0.0025627555181761594,0.0003938415948587104,0.7997437244481824,1.0,4.954562045902973e-20
34.65789649415693,2.386306014545711e-10,0.0025262397913548835,0.00038815811437543305,0.7997473760208645,1.0,4.554126559812096e-20
34.72467278797997,2.2878218523270956e-10,0.0024898645055922335,0.0003824993691880516,0.7997510135494408,1.0,4.185999835229657e-20
34.791449081803,2.1933857994596807e-10,0.0024536288522297362,0.00037686516957821686,0.7997546371147771,1.0,3.8475725857876215e-20
34.85822537562604,2.1028300867875414e-10,0.002417532028805348,0.0003712553276430047,0.7997582467971195,1.0,3.53644649199143e-20
34.92500166944908,2.0159938772779393e-10,0.002381573238994236,0.00036566965727411236,0.7997618426761006,1.0,3.250417124124446e-20
34.99177796327212,1.9327229772822411e-10,0.0023457516925502065,0.0003601079741373286,0.799765424830745,1.0,2.9874582491971164e-20
35.05855425709516,1.8528695598002658e-10,0.002310066605247818,0.000354570095652278,0.7997689933394753,1.0,2.745707409626225e-20
35.1253305509182,1.7762918992449978e-10,0.002274517198825149,0.00034905584097243543,0.7997725482801176,1.0,2.5234526704554452e-20
35.19210684474123,1.7028541172257608e-10,0.002239102700927227,0.0003435650309654057,0.7997760897299073,1.0,2.3191204403127025e-20
35.25888313856427,1.6324259388880307e-10,0.002203822345050075,0.0003380974881934612,0.799779617765495,1.0,2.1312642790014344e-20
35.32565943238731,1.5648824593675716e-10,0.0021686753704854363,0.0003326530368943441,0.7997831324629515,1.0,1.9585546116986555e-20
35.39243572621035,1.5001039199348e-10,0.0021336610222660803,0.000327231502962314,0.7997866338977735,1.0,1.799769276231714e-20
35.45921202003339,1.4379754934232827e-10,0.0020987785511117534,0.00032183271392944923,0.7997901221448889,1.0,1.6537848358775793e-20
35.52598831385643,1.378387078553081e-10,0.0020640272133757276,0.00031645649894719384,0.7997935972786625,1.0,1.519568595613601e-20
35.59276460767946,1.321233102775988e-10,0.0020294062709919625,0.0003111026887681457,0.7997970593729008,1.0,1.3961712647884566e-20
35.6595409015025,1.266412333285205e-10,0.0019949149914228344,0.00030577111572808216,0.7998005085008577,1.0,1.2827202138116984e-20
35.72631719532554,1.21382769584707e-10,0.0019605526476074954,0.00030046161372822473,0.7998039447352393,1.0,1.1784132767141208e-20
35.79309348914858,1.1633861011265078e-10,0.0019263185179107683,0.0002951740182177302,0.799807368148209,1.0,1.0825130553384858e-20
35.85986978297162,1.1149982781917723e-10,0.001892211886072636,0.0002899081661764128,0.7998107788113927,1.0,9.943416845108263e-21
35.92664607679466,1.0685786148970291e-10,0.0018582320411582851,0.00028466389609768997,0.7998141767958842,1.0,9.132760208407402e-21
35.993422370617694,1.0240450048539218e-10,0.0018243782775087143,0.00027944104797174995,0.7998175621722492,1.0,8.3874322082969e-21
36.06019866444073,9.813187007152465e-11,0.00179064989469187,0.0002742394632689351,0.7998209350105309,1.0,7.702166767505583e-21
36.12697495826377,9.403241735054736e-11,0.0017570461974543608,0.00026905898492334484,0.7998242953802546,1.0,7.072122813200189e-21
36.19375125208681,9.009889777437124e-11,0.0017235664956736718,0.0002638994573166449,0.7998276433504327,1.0,6.492849945353975e-21
36.26052754590985,8.632436221154403e-11,0.0016902101043109235,0.0002587607262620885,0.7998309789895689,1.0,5.9602568820749444e-21
36.327303839732885,8.270214454593355e-11,0.0016569763433641508,0.0002536426389887418,0.7998343023656637,1.0,5.470582457048628e-21
36.394080133555924,7.922584978452417e-11,0.0016238645378220823,0.0002485450441259098,0.7998376135462179,1.0,5.020368962481503e-21
36.460856427378964,7.588934265286424e-11,0.0015908740176184585,0.00024346779168776705,0.7998409125982382,1.0,4.606437647683319e-21
36.527632721202,7.268673665757719e-11,0.001558004117586818,0.00023841073305817914,0.7998441995882414,1.0,4.225866198816243e-21
36.59440901502504,6.961238359621252e-11,0.001525254177415797,0.00023337372097572098,0.7998474745822585,1.0,3.875968039483198e-21
36.66118530884808,6.666086349551958e-11,0.0014926235416049117,0.00022835660951888516,0.7998507376458396,1.0,3.554273304821561e-21
36.727961602671115,6.382697496000936e-11,0.0014601115594208283,0.0002233592540914788,0.799853988844058,1.0,3.258511353709579e-21
36.794737896494155,6.110572591341395e-11,0.0014277175848540916,0.00021838151140820362,0.7998572282415146,1.0,2.9865946946646944e-21
36.861514190317195,5.84923247163745e-11,0.0013954409765763573,0.0002134232394804232,0.7998604559023424,1.0,2.736604211095949e-21
36.928290484140234,5.598217164436213e-11,0.001363281097898055,0.00020848429760210563,0.7998636718902102,1.0,2.506775580836101e-21
36.995066777963274,5.35708507105024e-11,0.0013312373167265268,0.0002035645463359461,0.7998668762683274,1.0,2.295486793393837e-21
37.06184307178631,5.1254121818594386e-11,0.001299309005524615,0.00019866384749966332,0.7998700690994476,1.0,2.1012466761890218e-21
37.128619365609346,4.902791323221881e-11,0.001267495541269699,0.0001937820641524697,0.7998732504458731,1.0,1.9226843482235713e-21
37.195395659432386,4.6888314346401697e-11,0.0012357963054131576,0.00018891906058170812,0.7998764203694587,1.0,1.7585395262469742e-21
37.262171953255425,4.483156874885596e-11,0.0012042106838403021,0.00018407470228966146,0.799879578931616,1.0,1.6076536145474145e-21
37.328948247078465,4.2854067558340633e-11,0.0011727380668307024,0.00017924885598052232,0.799882726193317,1.0,1.4689615150783599e-21
37.395724540901504,4.095234302819006e-11,0.001141377849018958,0.0001744413895475279,0.7998858622150982,1.0,1.3414840997590075e-21
37.462500834724544,3.912306240354249e-11,0.0011101294293558845,0.00016965217206025426,0.7998889870570645,1.0,1.2243212914992323e-21
37.52927712854758,3.736302202126009e-11,0.0010789922110701167,0.0001648810737520702,0.7998921007788931,1.0,1.1166457048310334e-21
37.596053422370616,3.566914164197253e-11,0.001047965601630105,0.0001601279660077434,0.799895203439837,1.0,1.0176968010091992e-21
37.662829716193656,3.4038459004102107e-11,0.0010170490127065497,0.00015539272135120603,0.7998982950987293,1.0,9.267755161029451e-22
37.729606010016695,3.246812459012536e-11,0.0009862418601352012,0.00015067521343346628,0.7999013758139866,1.0,8.432393239628524e-22
37.796382303839735,3.095539659571872e-11,0.0009555435638800693,0.00014597531702067237,0.7999044456436121,1.0,7.664976990390711e-22
37.863158597662775,2.9497636092800825e-11,0.0009249535479970203,0.0001412929079823223,0.7999075046452003,1.0,6.960079468679891e-22
37.92993489148581,2.809230237783836e-11,0.000894471240597762,0.00013662786327962048,0.7999105528759403,1.0,6.312713726567886e-22
37.99671118530885,2.6736948497118047e-11,0.0008640960738141904,0.00013198006095397399,0.7999135903926187,1.0,5.718297607966088e-22
38.06348747913189,2.5429216941012904e-11,0.0008338274837631462,0.0001273493801156354,0.7999166172516238,1.0,5.172621403429646e-22
38.130263772954926,2.4166835499573108e-11,0.000803664910511508,0.00012273570093247974,0.7999196335089489,1.0,4.671818135317517e-22
38.197040066777966,2.2947613272071097e-11,0.0007736077980416677,0.00011813890461892104,0.7999226392201959,1.0,4.212336262659976e-22
38.263816360601005,2.1769436823408013e-11,0.0007436555942173658,0.00011355887342496365,0.7999256344405783,1.0,3.79091461224918e-22
38.33059265442404,2.063026648055746e-11,0.0007138077507498842,0.00010899549062538762,0.7999286192249251,1.0,3.404559358256228e-22
38.39736894824708,1.9528132762477072e-11,0.0006840637231645793,0.00010444864050906294,0.7999315936276836,1.0,3.050522887199819e-22
38.46414524207012,1.846113293716484e-11,0.0006544229707677914,9.99182083683986e-05,0.7999345577029232,1.0,2.726284398452484e-22
38.53092153589316,1.7427427699765022e-11,0.000624884956614071,9.540408048891451e-05,0.7999375115043387,1.0,2.429532102762083e-22
38.597697829716196,1.6425237965854307e-11,0.0005954491474737571,9.090614413894213e-05,0.7999404550852527,1.0,2.158146892581607e-22
38.66447412353923,1.5452841774247232e-11,0.0005661150138008946,8.642428755944957e-05,0.7999433884986199,1.0,1.9101873684146833e-22
38.73125041736227,1.4508571293860938e-11,0.0005368820297014648,8.195839995398672e-05,0.7999463117970299,1.0,1.6838761149747415e-22
38.79802671118531,1.3590809929372145e-11,0.000507749672901979,7.750837147875649e-05,0.7999492250327098,1.0,1.4775871297903266e-22
38.86480300500835,1.2697989520577515e-11,0.0004787174247183606,7.307409323280037e-05,0.7999521282575283,1.0,1.2898343150284722e-22
38.93157929883139,1.1828587630544455e-11,0.00044978477002516657,6.865545724830428e-05,0.7999550215229976,1.0,1.1192609508133607e-22
38.99835559265443,1.0981124917801292e-11,0.0004209511972251197,6.425235648101994e-05,0.7999579048802775,1.0,9.646300752387615e-23
39.06513188647746,1.01541625879717e-11,0.0003922161982189572,5.986468480080123e-05,0.7999607783801781,1.0,8.24815702661157e-23
39.1319081803005,9.346299920404874e-12,0.0003635792683755729,5.549233698225114e-05,0.7999636420731625,1.0,6.987948177603048e-23
39.19868447412354,8.556171865494099e-12,0.00033503990650249506,5.1135208695484956e-05,0.7999664960093498,1.0,5.856400883077115e-23
39.26546076794658,7.782446708504901e-12,0.0003065976148166343,4.67931964969984e-05,0.7999693402385184,1.0,4.845132446284345e-23
39.33223706176962,7.023823795861546e-12,0.0002782518989153461,4.2466197820646816e-05,0.7999721748101085,1.0,3.9465907841528184e-23
39.39901335559266,6.279031319955833e-12,0.00025000226774778275,3.8154110968730625e-05,0.7999749997732253,1.0,3.1540001788790234e-23
39.46578964941569,5.546824158653246e-12,0.00022184823358654067,3.3856835103186794e-05,0.7999778151766413,1.0,2.4613124031425996e-23
39.53256594323873,4.825981765774415e-12,0.00019378931199957948,2.9574270236882125e-05,0.7999806210688001,1.0,1.8631628665624103e-23
39.59934223706177,4.1153061089285414e-12,0.00016582502182245482,2.5306317225013677e-05,0.7999834174978178,1.0,1.354831465912968e-23
39.66611853088481,3.4136196511635256e-12,0.00013795488513080248,2.105287775660605e-05,0.7999862045114869,1.0,9.322078542191388e-24
39.73289482470785,2.719763372984786e-12,0.00011017842721311402,1.681385434611072e-05,0.7999889821572788,1.0,5.917608743798187e-24
39.79967111853089,2.0325948313718295e-12,8.249517654378448e-05,1.258915032510364e-05,0.7999917504823457,1.0,3.305119316413939e-24
39.86644741235392,1.3509862524949364e-12,5.4904664756433e-05,8.378669834080465e-06,0.7999945095335244,1.0,1.4601210625432943e-24
39.93322370617696,6.738226549009337e-13,2.740642661747696e-05,4.182317814345532e-06,0.7999972593573383,1.0,3.632283318531036e-25
40.0,-3.0657723226733775e-29,-8.561545522122581e-22,-1.227879434181022e-22,0.8,1.0,7.519167947576094e-58
